Year,per capita income (US$)
2024,44602.554395308485
2025,45431.01947053103
2026,46259.4845457538
2027,47087.94962097658
2028,47916.414696199354
2029,48744.879771421896
2030,49573.34484664467
